{
  "miniprogramRoot": "dist/",
  "projectname": "jdt-qyjr-miniprogram",
  "description": "东东企业家小程序",
  "appid": "touristappid",
  "setting": {
    "urlCheck": true,
    "es6": false,
    "enhance": true,
    "postcss": false,
    "preloadBackgroundData": false,
    "minified": false,
    "newFeature": false,
    "coverView": true,
    "nodeModules": false,
    "autoAudits": false,
    "showShadowRootInWxmlPanel": true,
    "scopeDataCheck": false,
    "uglifyFileName": false,
    "checkInvalidKey": true,
    "checkSiteMap": true,
    "uploadWithSourceMap": true,
    "compileHotReLoad": false,
    "lazyloadPlaceholderEnable": false,
    "useMultiFrameRuntime": true,
    "useApiHook": true,
    "useApiHostProcess": true,
    "babelSetting": {
      "ignore": [],
      "disablePlugins": [],
      "outputPath": ""
    },
    "enableEngineNative": false,
    "useIsolateContext": true,
    "userConfirmedBundleSwitch": false,
    "packNpmManually": false,
    "packNpmRelationList": [],
    "minifyWXSS": true,
    "showES6CompileOption": false
  },
  "compileType": "miniprogram",
  "condition": {}
}